Id,Property building category,Property building type,Title,Built up price psf,Size built up,Valuation price,YEAR,QUARTER,NAME,Year completion,Property building category,Property building type
464152,HIGHRISE,SERVICE APARTMENT,COMMERCIAL,981,905,888200,2015,20152,ASTRA SUITES,2004,HIGHRISE,SERVICE APARTMENT
464156,HIGHRISE,SERVICE APARTMENT,COMMERCIAL,1050,905,950000,2015,20152,ASTRA SUITES,2004,HIGHRISE,SERVICE APARTMENT
464157,HIGHRISE,SERVICE APARTMENT,COMMERCIAL,892,367,327500,2014,20142,ASTRA SUITES,2004,HIGHRISE,SERVICE APARTMENT
464158,HIGHRISE,SERVICE APARTMENT,COMMERCIAL,1062,356,377900,2014,20144,ASTRA SUITES,2004,HIGHRISE,SERVICE APARTMENT
469885,HIGHRISE,SERVICE APARTMENT,COMMERCIAL,1059,841,890900,2014,20144,ASTRA SUITES,2004,HIGHRISE,SERVICE APARTMENT
472804,HIGHRISE,SERVICE APARTMENT,COMMERCIAL,1000,367,366900,2016,20162,ASTRA SUITES,2004,HIGHRISE,SERVICE APARTMENT
474003,HIGHRISE,SERVICE APARTMENT,COMMERCIAL,907,819,742800,2015,20152,ASTRA SUITES,2004,HIGHRISE,SERVICE APARTMENT
481451,HIGHRISE,SERVICE APARTMENT,COMMERCIAL,971,905,878700,2016,20164,ASTRA SUITES,2004,HIGHRISE,SERVICE APARTMENT
482530,HIGHRISE,SERVICE APARTMENT,COMMERCIAL,1000,410,409900,2016,20164,ASTRA SUITES,2004,HIGHRISE,SERVICE APARTMENT
486577,HIGHRISE,SERVICE APARTMENT,COMMERCIAL,989,819,810400,2016,20161,ASTRA SUITES,2004,HIGHRISE,SERVICE APARTMENT
488088,HIGHRISE,SERVICE APARTMENT,COMMERCIAL,1023,905,926200,2015,20152,ASTRA SUITES,2004,HIGHRISE,SERVICE APARTMENT
498480,HIGHRISE,CONDO,RESIDENTIAL,1000,841,841100,2014,20143,ASTRA SUITES,2004,HIGHRISE,SERVICE APARTMENT
523484,HIGHRISE,SERVICE APARTMENT,COMMERCIAL,899,356,320200,2016,20163,ASTRA SUITES,2004,HIGHRISE,SERVICE APARTMENT
524830,HIGHRISE,SERVICE APARTMENT,COMMERCIAL,1052,367,386000,2016,20163,ASTRA SUITES,2004,HIGHRISE,SERVICE APARTMENT
527010,HIGHRISE,SERVICE APARTMENT,COMMERCIAL,945,905,855000,2016,20164,ASTRA SUITES,2004,HIGHRISE,SERVICE APARTMENT
527011,HIGHRISE,SERVICE APARTMENT,COMMERCIAL,1084,604,654500,2016,20164,ASTRA SUITES,2004,HIGHRISE,SERVICE APARTMENT
528096,HIGHRISE,SERVICE APARTMENT,COMMERCIAL,1060,367,389200,2016,20163,ASTRA SUITES,2004,HIGHRISE,SERVICE APARTMENT
543688,HIGHRISE,SERVICE APARTMENT,COMMERCIAL,1094,819,895900,2017,20173,ASTRA SUITES,2004,HIGHRISE,SERVICE APARTMENT
545404,HIGHRISE,SERVICE APARTMENT,COMMERCIAL,1024,367,375800,2017,20171,ASTRA SUITES,2004,HIGHRISE,SERVICE APARTMENT
559351,HIGHRISE,SERVICE APARTMENT,COMMERCIAL,1000,981,981200,2017,20173,ASTRA SUITES,2004,HIGHRISE,SERVICE APARTMENT
559355,HIGHRISE,SERVICE APARTMENT,COMMERCIAL,1000,410,409900,2017,20173,ASTRA SUITES,2004,HIGHRISE,SERVICE APARTMENT
559357,HIGHRISE,SERVICE APARTMENT,COMMERCIAL,879,819,720300,2017,20173,ASTRA SUITES,2004,HIGHRISE,SERVICE APARTMENT
560403,HIGHRISE,SERVICE APARTMENT,COMMERCIAL,1024,367,375800,2017,20171,ASTRA SUITES,2004,HIGHRISE,SERVICE APARTMENT
654941,HIGHRISE,SERVICE APARTMENT,COMMERCIAL,1024,367,375800,2017,20174,ASTRA SUITES,2004,HIGHRISE,SERVICE APARTMENT
655991,HIGHRISE,SERVICE APARTMENT,COMMERCIAL,989,819,810400,2018,20181,ASTRA SUITES,2004,HIGHRISE,SERVICE APARTMENT
710966,HIGHRISE,SERVICE APARTMENT,COMMERCIAL,1024,367,375800,2018,20181,ASTRA SUITES,2004,HIGHRISE,SERVICE APARTMENT
711779,HIGHRISE,SERVICE APARTMENT,COMMERCIAL,435,518,225200,2004,20044,ASTRA SUITES,2004,HIGHRISE,SERVICE APARTMENT
711783,HIGHRISE,SERVICE APARTMENT,COMMERCIAL,387,841,325300,2004,20044,ASTRA SUITES,2004,HIGHRISE,SERVICE APARTMENT
711784,HIGHRISE,SERVICE APARTMENT,COMMERCIAL,441,356,157000,2005,20051,ASTRA SUITES,2004,HIGHRISE,SERVICE APARTMENT
711785,HIGHRISE,SERVICE APARTMENT,COMMERCIAL,450,905,407000,2006,20062,ASTRA SUITES,2004,HIGHRISE,SERVICE APARTMENT
711786,HIGHRISE,SERVICE APARTMENT,COMMERCIAL,373,367,137000,2006,20062,ASTRA SUITES,2004,HIGHRISE,SERVICE APARTMENT
711787,HIGHRISE,SERVICE APARTMENT,COMMERCIAL,381,367,140000,2018,20182,ASTRA SUITES,2004,HIGHRISE,SERVICE APARTMENT
711788,HIGHRISE,SERVICE APARTMENT,COMMERCIAL,424,410,174000,2004,20044,ASTRA SUITES,2004,HIGHRISE,SERVICE APARTMENT
717087,HIGHRISE,SERVICE APARTMENT,COMMERCIAL,390,356,139000,2005,20051,ASTRA SUITES,2004,HIGHRISE,SERVICE APARTMENT
717088,HIGHRISE,SERVICE APARTMENT,COMMERCIAL,431,367,158000,2006,20062,ASTRA SUITES,2004,HIGHRISE,SERVICE APARTMENT
717090,HIGHRISE,SERVICE APARTMENT,COMMERCIAL,444,367,163000,2006,20062,ASTRA SUITES,2004,HIGHRISE,SERVICE APARTMENT
717091,HIGHRISE,SERVICE APARTMENT,COMMERCIAL,382,356,136000,2005,20054,ASTRA SUITES,2004,HIGHRISE,SERVICE APARTMENT
717092,HIGHRISE,SERVICE APARTMENT,COMMERCIAL,403,367,148000,2006,20062,ASTRA SUITES,2004,HIGHRISE,SERVICE APARTMENT
717093,HIGHRISE,SERVICE APARTMENT,COMMERCIAL,965,367,354000,2018,20181,ASTRA SUITES,2004,HIGHRISE,SERVICE APARTMENT
717094,HIGHRISE,SERVICE APARTMENT,COMMERCIAL,981,905,888000,2015,20152,ASTRA SUITES,2004,HIGHRISE,SERVICE APARTMENT
756864,HIGHRISE,SERVICE APARTMENT,COMMERCIAL,1022,367,375000,2017,20174,ASTRA SUITES,2004,HIGHRISE,SERVICE APARTMENT
756867,HIGHRISE,SERVICE APARTMENT,COMMERCIAL,373,367,137000,2006,20062,ASTRA SUITES,2004,HIGHRISE,SERVICE APARTMENT
756868,HIGHRISE,SERVICE APARTMENT,COMMERCIAL,961,819,787000,2018,20182,ASTRA SUITES,2004,HIGHRISE,SERVICE APARTMENT
756869,HIGHRISE,SERVICE APARTMENT,COMMERCIAL,392,421,165000,2004,20044,ASTRA SUITES,2004,HIGHRISE,SERVICE APARTMENT
756870,HIGHRISE,SERVICE APARTMENT,COMMERCIAL,1022,367,375000,2018,20181,ASTRA SUITES,2004,HIGHRISE,SERVICE APARTMENT
756872,HIGHRISE,SERVICE APARTMENT,COMMERCIAL,989,819,810000,2018,20182,ASTRA SUITES,2004,HIGHRISE,SERVICE APARTMENT
756875,HIGHRISE,SERVICE APARTMENT,COMMERCIAL,424,851,361000,2004,20044,ASTRA SUITES,2004,HIGHRISE,SERVICE APARTMENT
757915,HIGHRISE,SERVICE APARTMENT,COMMERCIAL,409,367,150000,2006,20062,ASTRA SUITES,2004,HIGHRISE,SERVICE APARTMENT
757918,HIGHRISE,SERVICE APARTMENT,COMMERCIAL,373,367,137000,2006,20062,ASTRA SUITES,2004,HIGHRISE,SERVICE APARTMENT
757919,HIGHRISE,SERVICE APARTMENT,COMMERCIAL,371,367,136000,2005,20054,ASTRA SUITES,2004,HIGHRISE,SERVICE APARTMENT
757920,HIGHRISE,SERVICE APARTMENT,COMMERCIAL,458,367,168000,2006,20062,ASTRA SUITES,2004,HIGHRISE,SERVICE APARTMENT
757921,HIGHRISE,SERVICE APARTMENT,COMMERCIAL,1052,367,386000,2016,20163,ASTRA SUITES,2004,HIGHRISE,SERVICE APARTMENT
759276,HIGHRISE,SERVICE APARTMENT,COMMERCIAL,324,367,119000,2006,20063,ASTRA SUITES,2004,HIGHRISE,SERVICE APARTMENT
759277,HIGHRISE,SERVICE APARTMENT,COMMERCIAL,327,1637,535000,2006,20063,ASTRA SUITES,2004,HIGHRISE,SERVICE APARTMENT
759278,HIGHRISE,CONDO,RESIDENTIAL,324,367,119000,2006,20063,ASTRA SUITES,2004,HIGHRISE,SERVICE APARTMENT
759280,HIGHRISE,SERVICE APARTMENT,COMMERCIAL,883,367,324000,2013,20133,ASTRA SUITES,2004,HIGHRISE,SERVICE APARTMENT
759281,HIGHRISE,SERVICE APARTMENT,COMMERCIAL,945,905,855000,2016,20164,ASTRA SUITES,2004,HIGHRISE,SERVICE APARTMENT
759282,HIGHRISE,SERVICE APARTMENT,COMMERCIAL,937,367,344000,2014,20141,ASTRA SUITES,2004,HIGHRISE,SERVICE APARTMENT
759283,HIGHRISE,SERVICE APARTMENT,COMMERCIAL,1008,367,370000,2018,20182,ASTRA SUITES,2004,HIGHRISE,SERVICE APARTMENT
759285,HIGHRISE,SERVICE APARTMENT,COMMERCIAL,945,905,855000,2016,20164,ASTRA SUITES,2004,HIGHRISE,SERVICE APARTMENT
759287,HIGHRISE,SERVICE APARTMENT,COMMERCIAL,985,1637,1613000,2018,20182,ASTRA SUITES,2004,HIGHRISE,SERVICE APARTMENT
800034,HIGHRISE,SERVICE APARTMENT,COMMERCIAL,986,367,362000,2018,20182,ASTRA SUITES,2004,HIGHRISE,SERVICE APARTMENT
800036,HIGHRISE,SERVICE APARTMENT,COMMERCIAL,412,1002,413000,2005,20051,ASTRA SUITES,2004,HIGHRISE,SERVICE APARTMENT
800039,HIGHRISE,SERVICE APARTMENT,COMMERCIAL,1055,819,864000,2018,20183,ASTRA SUITES,2004,HIGHRISE,SERVICE APARTMENT
800042,HIGHRISE,SERVICE APARTMENT,COMMERCIAL,404,421,170000,2004,20044,ASTRA SUITES,2004,HIGHRISE,SERVICE APARTMENT
800047,HIGHRISE,SERVICE APARTMENT,COMMERCIAL,1447,367,531000,2017,20173,ASTRA SUITES,2004,HIGHRISE,SERVICE APARTMENT
800050,HIGHRISE,SERVICE APARTMENT,COMMERCIAL,1455,367,534000,2018,20184,ASTRA SUITES,2004,HIGHRISE,SERVICE APARTMENT
800051,HIGHRISE,SERVICE APARTMENT,COMMERCIAL,993,862,856000,2018,20183,ASTRA SUITES,2004,HIGHRISE,SERVICE APARTMENT
801276,HIGHRISE,SERVICE APARTMENT,COMMERCIAL,567,367,208000,2007,20073,ASTRA SUITES,2004,HIGHRISE,SERVICE APARTMENT
801278,HIGHRISE,SERVICE APARTMENT,COMMERCIAL,986,367,362000,2018,20183,ASTRA SUITES,2004,HIGHRISE,SERVICE APARTMENT
801281,HIGHRISE,SERVICE APARTMENT,COMMERCIAL,840,905,760000,2018,20183,ASTRA SUITES,2004,HIGHRISE,SERVICE APARTMENT
812848,HIGHRISE,SERVICE APARTMENT,COMMERCIAL,428,367,157000,2005,20051,ASTRA SUITES,2004,HIGHRISE,SERVICE APARTMENT
812850,HIGHRISE,SERVICE APARTMENT,COMMERCIAL,627,367,230000,2009,20093,ASTRA SUITES,2004,HIGHRISE,SERVICE APARTMENT
812851,HIGHRISE,SERVICE APARTMENT,COMMERCIAL,989,819,810000,2018,20181,ASTRA SUITES,2004,HIGHRISE,SERVICE APARTMENT
838840,HIGHRISE,SERVICE APARTMENT,COMMERCIAL,997,367,366000,2018,20181,ASTRA SUITES,2004,HIGHRISE,SERVICE APARTMENT
838841,HIGHRISE,SERVICE APARTMENT,COMMERCIAL,945,905,855000,2018,20183,ASTRA SUITES,2004,HIGHRISE,SERVICE APARTMENT
838843,HIGHRISE,SERVICE APARTMENT,COMMERCIAL,1067,356,380000,2017,20174,ASTRA SUITES,2004,HIGHRISE,SERVICE APARTMENT
849636,HIGHRISE,SERVICE APARTMENT,COMMERCIAL,431,367,158000,2006,20062,ASTRA SUITES,2004,HIGHRISE,SERVICE APARTMENT
849642,HIGHRISE,SERVICE APARTMENT,COMMERCIAL,1022,367,375000,2016,20162,ASTRA SUITES,2004,HIGHRISE,SERVICE APARTMENT
849646,HIGHRISE,SERVICE APARTMENT,COMMERCIAL,412,216,89000,2005,20051,ASTRA SUITES,2004,HIGHRISE,SERVICE APARTMENT
447993,HIGHRISE,MEDIUM COST,RESIDENTIAL,209,623,130000,2014,20144,FLAT JALAN AMAN,1986,HIGHRISE,MEDIUM COST
467226,HIGHRISE,MEDIUM COST,RESIDENTIAL,160,623,100000,2015,20152,FLAT JALAN AMAN,1986,HIGHRISE,MEDIUM COST
472933,HIGHRISE,MEDIUM COST,RESIDENTIAL,257,623,160000,2015,20151,FLAT JALAN AMAN,1986,HIGHRISE,MEDIUM COST
473093,HIGHRISE,MEDIUM COST,RESIDENTIAL,63,640,40000,1990,19903,FLAT JALAN AMAN,1986,HIGHRISE,MEDIUM COST
473113,HIGHRISE,MEDIUM COST,RESIDENTIAL,255,568,145000,2015,20153,FLAT JALAN AMAN,1986,HIGHRISE,MEDIUM COST
474263,HIGHRISE,MEDIUM COST,RESIDENTIAL,189,623,118000,2016,20163,FLAT JALAN AMAN,1986,HIGHRISE,MEDIUM COST
495424,HIGHRISE,MEDIUM COST,RESIDENTIAL,329,568,187000,2016,20161,FLAT JALAN AMAN,1986,HIGHRISE,MEDIUM COST
496978,HIGHRISE,MEDIUM COST,RESIDENTIAL,128,623,80000,2015,20151,FLAT JALAN AMAN,1986,HIGHRISE,MEDIUM COST
499431,HIGHRISE,MEDIUM COST,RESIDENTIAL,209,623,130000,2015,20152,FLAT JALAN AMAN,1986,HIGHRISE,MEDIUM COST
505138,HIGHRISE,MEDIUM COST,RESIDENTIAL,225,623,140000,2016,20161,FLAT JALAN AMAN,1986,HIGHRISE,MEDIUM COST
506194,HIGHRISE,MEDIUM COST,RESIDENTIAL,241,623,150000,2016,20162,FLAT JALAN AMAN,1986,HIGHRISE,MEDIUM COST
507019,HIGHRISE,MEDIUM COST,RESIDENTIAL,136,623,85000,2015,20154,FLAT JALAN AMAN,1986,HIGHRISE,MEDIUM COST
522402,HIGHRISE,MEDIUM COST,RESIDENTIAL,264,568,150000,2016,20161,FLAT JALAN AMAN,1986,HIGHRISE,MEDIUM COST
527098,HIGHRISE,MEDIUM COST,RESIDENTIAL,273,568,155000,2016,20164,FLAT JALAN AMAN,1986,HIGHRISE,MEDIUM COST
542793,HIGHRISE,MEDIUM COST,RESIDENTIAL,81,568,46000,1986,19862,FLAT JALAN AMAN,1986,HIGHRISE,MEDIUM COST
558186,HIGHRISE,MEDIUM COST,RESIDENTIAL,261,767,200000,2017,20173,FLAT JALAN AMAN,1986,HIGHRISE,MEDIUM COST
558413,HIGHRISE,MEDIUM COST,RESIDENTIAL,195,767,150000,2017,20173,FLAT JALAN AMAN,1986,HIGHRISE,MEDIUM COST
593348,HIGHRISE,MEDIUM COST,RESIDENTIAL,176,568,100000,2017,20174,FLAT JALAN AMAN,1986,HIGHRISE,MEDIUM COST
811751,HIGHRISE,MEDIUM COST,RESIDENTIAL,241,623,150000,2018,20184,FLAT JALAN AMAN,1986,HIGHRISE,MEDIUM COST
811837,HIGHRISE,MEDIUM COST,RESIDENTIAL,60,767,46000,1986,19862,FLAT JALAN AMAN,1986,HIGHRISE,MEDIUM COST
837883,HIGHRISE,MEDIUM COST,RESIDENTIAL,209,623,130000,2019,20191,FLAT JALAN AMAN,1986,HIGHRISE,MEDIUM COST
848087,HIGHRISE,MEDIUM COST,RESIDENTIAL,160,623,100000,2019,20192,FLAT JALAN AMAN,1986,HIGHRISE,MEDIUM COST
491472,HIGHRISE,CONDO,RESIDENTIAL,916,743,680000,2014,20144,HARBOURVIEW,1994,HIGHRISE,CONDO
497369,HIGHRISE,CONDO,RESIDENTIAL,1096,730,800000,2014,20144,HARBOURVIEW,1994,HIGHRISE,CONDO
463182,HIGHRISE,CONDO,RESIDENTIAL,746,1313,980000,2015,20152,HARBOURVIEW,1994,HIGHRISE,CONDO
463184,HIGHRISE,CONDO,RESIDENTIAL,1026,1755,1800000,2015,20152,HARBOURVIEW,1994,HIGHRISE,CONDO
467650,HIGHRISE,CONDO,RESIDENTIAL,1111,743,825000,2015,20152,HARBOURVIEW,1994,HIGHRISE,CONDO
487081,HIGHRISE,CONDO,RESIDENTIAL,1101,743,818000,2015,20153,HARBOURVIEW,1994,HIGHRISE,CONDO
490735,HIGHRISE,CONDO,RESIDENTIAL,981,764,750000,2015,20151,HARBOURVIEW,1994,HIGHRISE,CONDO
498825,HIGHRISE,CONDO,RESIDENTIAL,900,1389,1250000,2015,20152,HARBOURVIEW,1994,HIGHRISE,CONDO
472124,HIGHRISE,CONDO,RESIDENTIAL,1144,743,850000,2016,20164,HARBOURVIEW,1994,HIGHRISE,CONDO
474464,HIGHRISE,CONDO,RESIDENTIAL,1112,764,850000,2016,20163,HARBOURVIEW,1994,HIGHRISE,CONDO
480855,HIGHRISE,CONDO,RESIDENTIAL,1185,743,880000,2016,20164,HARBOURVIEW,1994,HIGHRISE,CONDO
481989,HIGHRISE,CONDO,RESIDENTIAL,1158,743,860000,2016,20164,HARBOURVIEW,1994,HIGHRISE,CONDO
485931,HIGHRISE,CONDO,RESIDENTIAL,1187,3455,4100000,2016,20162,HARBOURVIEW,1994,HIGHRISE,CONDO
495644,HIGHRISE,CONDO,RESIDENTIAL,1066,797,850000,2016,20162,HARBOURVIEW,1994,HIGHRISE,CONDO
505433,HIGHRISE,CONDO,RESIDENTIAL,1026,1389,1425000,2016,20161,HARBOURVIEW,1994,HIGHRISE,CONDO
505495,HIGHRISE,CONDO,RESIDENTIAL,1182,1776,2100000,2016,20161,HARBOURVIEW,1994,HIGHRISE,CONDO
506413,HIGHRISE,CONDO,RESIDENTIAL,1099,764,840000,2016,20162,HARBOURVIEW,1994,HIGHRISE,CONDO
522753,HIGHRISE,CONDO,RESIDENTIAL,985,1421,1400000,2016,20163,HARBOURVIEW,1994,HIGHRISE,CONDO
524117,HIGHRISE,CONDO,RESIDENTIAL,916,764,700000,2016,20163,HARBOURVIEW,1994,HIGHRISE,CONDO
560730,HIGHRISE,CONDO,RESIDENTIAL,1066,1313,1400000,2017,20172,HARBOURVIEW,1994,HIGHRISE,CONDO
654191,HIGHRISE,CONDO,RESIDENTIAL,1243,764,950000,2018,20181,HARBOURVIEW,1994,HIGHRISE,CONDO
654258,HIGHRISE,CONDO,RESIDENTIAL,1413,764,1080000,2018,20181,HARBOURVIEW,1994,HIGHRISE,CONDO
711318,HIGHRISE,CONDO,RESIDENTIAL,1008,1389,1400000,2018,20181,HARBOURVIEW,1994,HIGHRISE,CONDO
716288,HIGHRISE,CONDO,RESIDENTIAL,1311,1755,2300000,2018,20182,HARBOURVIEW,1994,HIGHRISE,CONDO
716384,HIGHRISE,CONDO,RESIDENTIAL,1267,1421,1800000,2018,20182,HARBOURVIEW,1994,HIGHRISE,CONDO
716453,HIGHRISE,CONDO,RESIDENTIAL,1185,743,880000,2018,20182,HARBOURVIEW,1994,HIGHRISE,CONDO
756278,HIGHRISE,CONDO,RESIDENTIAL,1306,1313,1715000,2018,20182,HARBOURVIEW,1994,HIGHRISE,CONDO
757293,HIGHRISE,CONDO,RESIDENTIAL,1279,743,950000,2018,20183,HARBOURVIEW,1994,HIGHRISE,CONDO
757294,HIGHRISE,CONDO,RESIDENTIAL,1180,1313,1550000,2018,20183,HARBOURVIEW,1994,HIGHRISE,CONDO
758386,HIGHRISE,CONDO,RESIDENTIAL,1454,743,1080000,2018,20183,HARBOURVIEW,1994,HIGHRISE,CONDO
758553,HIGHRISE,CONDO,RESIDENTIAL,1413,743,1050000,2018,20183,HARBOURVIEW,1994,HIGHRISE,CONDO
442236,HIGHRISE,CONDO,RESIDENTIAL,290,2153,625000,2014,20144,LILY POINT,2009,HIGHRISE,CONDO
442300,HIGHRISE,CONDO,RESIDENTIAL,492,1098,540000,2015,20154,LILY POINT,2009,HIGHRISE,CONDO
448118,HIGHRISE,CONDO,RESIDENTIAL,519,1098,570000,2014,20143,LILY POINT,2009,HIGHRISE,CONDO
448136,HIGHRISE,CONDO,RESIDENTIAL,560,1098,615000,2015,20151,LILY POINT,2009,HIGHRISE,CONDO
462941,HIGHRISE,CONDO,RESIDENTIAL,519,1098,570000,2015,20152,LILY POINT,2009,HIGHRISE,CONDO
462988,HIGHRISE,CONDO,RESIDENTIAL,575,2088,1200000,2015,20153,LILY POINT,2009,HIGHRISE,CONDO
467257,HIGHRISE,CONDO,RESIDENTIAL,515,1098,565000,2015,20151,LILY POINT,2009,HIGHRISE,CONDO
468599,HIGHRISE,CONDO,RESIDENTIAL,519,1098,570000,2015,20151,LILY POINT,2009,HIGHRISE,CONDO
468617,HIGHRISE,CONDO,RESIDENTIAL,556,1098,610000,2015,20152,LILY POINT,2009,HIGHRISE,CONDO
468706,HIGHRISE,CONDO,RESIDENTIAL,537,1098,590000,2015,20151,LILY POINT,2009,HIGHRISE,CONDO
468729,HIGHRISE,CONDO,RESIDENTIAL,560,1098,615000,2015,20151,LILY POINT,2009,HIGHRISE,CONDO
468777,HIGHRISE,CONDO,RESIDENTIAL,560,1098,615000,2015,20152,LILY POINT,2009,HIGHRISE,CONDO
468846,HIGHRISE,CONDO,RESIDENTIAL,455,1098,500000,2015,20151,LILY POINT,2009,HIGHRISE,CONDO
468881,HIGHRISE,CONDO,RESIDENTIAL,217,1098,238555,2007,20071,LILY POINT,2009,HIGHRISE,CONDO
471776,HIGHRISE,CONDO,RESIDENTIAL,537,1098,590000,2016,20164,LILY POINT,2009,HIGHRISE,CONDO
471929,HIGHRISE,CONDO,RESIDENTIAL,455,1098,500000,2016,20163,LILY POINT,2009,HIGHRISE,CONDO
471949,HIGHRISE,CONDO,RESIDENTIAL,524,1098,575000,2016,20164,LILY POINT,2009,HIGHRISE,CONDO
471959,HIGHRISE,CONDO,RESIDENTIAL,574,1098,630000,2016,20164,LILY POINT,2009,HIGHRISE,CONDO
472906,HIGHRISE,CONDO,RESIDENTIAL,433,1098,475000,2015,20152,LILY POINT,2009,HIGHRISE,CONDO
474104,HIGHRISE,CONDO,RESIDENTIAL,546,1098,600000,2016,20163,LILY POINT,2009,HIGHRISE,CONDO
474165,HIGHRISE,CONDO,RESIDENTIAL,510,1098,560000,2016,20162,LILY POINT,2009,HIGHRISE,CONDO
481513,HIGHRISE,CONDO,RESIDENTIAL,710,1098,780000,2016,20164,LILY POINT,2009,HIGHRISE,CONDO
481522,HIGHRISE,CONDO,RESIDENTIAL,710,1098,780000,2016,20164,LILY POINT,2009,HIGHRISE,CONDO
481609,HIGHRISE,CONDO,RESIDENTIAL,510,1098,560000,2016,20164,LILY POINT,2009,HIGHRISE,CONDO
481654,HIGHRISE,CONDO,RESIDENTIAL,509,1098,559000,2016,20164,LILY POINT,2009,HIGHRISE,CONDO
481661,HIGHRISE,CONDO,RESIDENTIAL,710,1098,780000,2016,20164,LILY POINT,2009,HIGHRISE,CONDO
486764,HIGHRISE,CONDO,RESIDENTIAL,563,1098,618000,2015,20153,LILY POINT,2009,HIGHRISE,CONDO
486784,HIGHRISE,CONDO,RESIDENTIAL,581,1098,638000,2015,20153,LILY POINT,2009,HIGHRISE,CONDO
486794,HIGHRISE,CONDO,RESIDENTIAL,515,1098,565000,2015,20153,LILY POINT,2009,HIGHRISE,CONDO
486940,HIGHRISE,CONDO,RESIDENTIAL,496,1098,545000,2015,20151,LILY POINT,2009,HIGHRISE,CONDO
488336,HIGHRISE,CONDO,RESIDENTIAL,501,1098,550000,2015,20153,LILY POINT,2009,HIGHRISE,CONDO
488411,HIGHRISE,CONDO,RESIDENTIAL,455,1098,500000,2014,20143,LILY POINT,2009,HIGHRISE,CONDO
495373,HIGHRISE,CONDO,RESIDENTIAL,496,1098,545000,2015,20153,LILY POINT,2009,HIGHRISE,CONDO
495437,HIGHRISE,CONDO,RESIDENTIAL,528,1098,580000,2015,20154,LILY POINT,2009,HIGHRISE,CONDO
495524,HIGHRISE,CONDO,RESIDENTIAL,469,1098,515000,2016,20161,LILY POINT,2009,HIGHRISE,CONDO
496748,HIGHRISE,CONDO,RESIDENTIAL,250,1098,275000,2009,20093,LILY POINT,2009,HIGHRISE,CONDO
496783,HIGHRISE,CONDO,RESIDENTIAL,546,1098,600000,2015,20151,LILY POINT,2009,HIGHRISE,CONDO
496789,HIGHRISE,CONDO,RESIDENTIAL,528,1098,580000,2015,20151,LILY POINT,2009,HIGHRISE,CONDO
496846,HIGHRISE,CONDO,RESIDENTIAL,455,1098,500000,2015,20152,LILY POINT,2009,HIGHRISE,CONDO
496888,HIGHRISE,CONDO,RESIDENTIAL,587,1098,645000,2015,20151,LILY POINT,2009,HIGHRISE,CONDO
496904,HIGHRISE,CONDO,RESIDENTIAL,474,1098,520000,2015,20151,LILY POINT,2009,HIGHRISE,CONDO
499635,HIGHRISE,CONDO,RESIDENTIAL,496,1098,545000,2015,20152,LILY POINT,2009,HIGHRISE,CONDO
501767,HIGHRISE,CONDO,RESIDENTIAL,519,1098,570000,2016,20162,LILY POINT,2009,HIGHRISE,CONDO
505108,HIGHRISE,CONDO,RESIDENTIAL,519,1098,570000,2016,20161,LILY POINT,2009,HIGHRISE,CONDO
505285,HIGHRISE,CONDO,RESIDENTIAL,692,1098,760000,2016,20161,LILY POINT,2009,HIGHRISE,CONDO
506388,HIGHRISE,CONDO,RESIDENTIAL,619,1098,680000,2016,20163,LILY POINT,2009,HIGHRISE,CONDO
512282,HIGHRISE,CONDO,RESIDENTIAL,483,1098,530000,2015,20153,LILY POINT,2009,HIGHRISE,CONDO
512332,HIGHRISE,CONDO,RESIDENTIAL,692,1098,760000,2015,20154,LILY POINT,2009,HIGHRISE,CONDO
518847,HIGHRISE,CONDO,RESIDENTIAL,527,1098,579000,2016,20161,LILY POINT,2009,HIGHRISE,CONDO
523697,HIGHRISE,CONDO,RESIDENTIAL,392,1098,430000,2016,20163,LILY POINT,2009,HIGHRISE,CONDO
523724,HIGHRISE,CONDO,RESIDENTIAL,592,1098,650000,2016,20163,LILY POINT,2009,HIGHRISE,CONDO
523736,HIGHRISE,CONDO,RESIDENTIAL,483,1098,530000,2016,20164,LILY POINT,2009,HIGHRISE,CONDO
523827,HIGHRISE,CONDO,RESIDENTIAL,483,1098,530000,2016,20163,LILY POINT,2009,HIGHRISE,CONDO
527247,HIGHRISE,CONDO,RESIDENTIAL,533,1098,585000,2017,20172,LILY POINT,2009,HIGHRISE,CONDO
537370,HIGHRISE,CONDO,RESIDENTIAL,437,1098,480000,2017,20171,LILY POINT,2009,HIGHRISE,CONDO
537442,HIGHRISE,CONDO,RESIDENTIAL,556,1098,610000,2016,20163,LILY POINT,2009,HIGHRISE,CONDO
537496,HIGHRISE,CONDO,RESIDENTIAL,496,1098,545000,2017,20171,LILY POINT,2009,HIGHRISE,CONDO
541502,HIGHRISE,CONDO,RESIDENTIAL,465,1098,510000,2017,20172,LILY POINT,2009,HIGHRISE,CONDO
541615,HIGHRISE,CONDO,RESIDENTIAL,446,1098,490000,2017,20172,LILY POINT,2009,HIGHRISE,CONDO
543845,HIGHRISE,CONDO,RESIDENTIAL,592,1098,650000,2017,20171,LILY POINT,2009,HIGHRISE,CONDO
544509,HIGHRISE,CONDO,RESIDENTIAL,487,1098,535000,2017,20172,LILY POINT,2009,HIGHRISE,CONDO
544612,HIGHRISE,CONDO,RESIDENTIAL,437,1098,480000,2017,20172,LILY POINT,2009,HIGHRISE,CONDO
558264,HIGHRISE,CONDO,RESIDENTIAL,546,1098,600000,2017,20173,LILY POINT,2009,HIGHRISE,CONDO
559478,HIGHRISE,CONDO,RESIDENTIAL,443,1098,486000,2017,20173,LILY POINT,2009,HIGHRISE,CONDO
559591,HIGHRISE,CONDO,RESIDENTIAL,506,1098,555000,2017,20174,LILY POINT,2009,HIGHRISE,CONDO
560475,HIGHRISE,CONDO,RESIDENTIAL,478,1098,525000,2017,20173,LILY POINT,2009,HIGHRISE,CONDO
560510,HIGHRISE,CONDO,RESIDENTIAL,474,1098,520000,2017,20173,LILY POINT,2009,HIGHRISE,CONDO
560532,HIGHRISE,CONDO,RESIDENTIAL,319,1098,350000,2017,20173,LILY POINT,2009,HIGHRISE,CONDO
560654,HIGHRISE,CONDO,RESIDENTIAL,478,1098,525000,2017,20173,LILY POINT,2009,HIGHRISE,CONDO
593214,HIGHRISE,CONDO,RESIDENTIAL,455,1098,500000,2017,20173,LILY POINT,2009,HIGHRISE,CONDO
593314,HIGHRISE,CONDO,RESIDENTIAL,437,1098,480000,2017,20174,LILY POINT,2009,HIGHRISE,CONDO
653001,HIGHRISE,CONDO,RESIDENTIAL,451,1098,495000,2017,20174,LILY POINT,2009,HIGHRISE,CONDO
653040,HIGHRISE,CONDO,RESIDENTIAL,492,1098,540000,2017,20174,LILY POINT,2009,HIGHRISE,CONDO
653125,HIGHRISE,CONDO,RESIDENTIAL,212,1098,232222,2006,20061,LILY POINT,2009,HIGHRISE,CONDO
653974,HIGHRISE,CONDO,RESIDENTIAL,638,1098,700000,2018,20181,LILY POINT,2009,HIGHRISE,CONDO
655080,HIGHRISE,CONDO,RESIDENTIAL,501,1098,550000,2017,20171,LILY POINT,2009,HIGHRISE,CONDO
655179,HIGHRISE,CONDO,RESIDENTIAL,591,1100,650000,2018,20181,LILY POINT,2009,HIGHRISE,CONDO
710240,HIGHRISE,CONDO,RESIDENTIAL,444,1098,488000,2018,20182,LILY POINT,2009,HIGHRISE,CONDO
711174,HIGHRISE,CONDO,RESIDENTIAL,446,1098,490000,2018,20182,LILY POINT,2009,HIGHRISE,CONDO
716003,HIGHRISE,CONDO,RESIDENTIAL,446,1098,490000,2018,20182,LILY POINT,2009,HIGHRISE,CONDO
716041,HIGHRISE,CONDO,RESIDENTIAL,619,1098,680000,2018,20182,LILY POINT,2009,HIGHRISE,CONDO
716145,HIGHRISE,CONDO,RESIDENTIAL,437,1098,480000,2018,20182,LILY POINT,2009,HIGHRISE,CONDO
756008,HIGHRISE,CONDO,RESIDENTIAL,392,1098,430000,2018,20183,LILY POINT,2009,HIGHRISE,CONDO
756020,HIGHRISE,CONDO,RESIDENTIAL,455,1100,500000,2018,20182,LILY POINT,2009,HIGHRISE,CONDO
756052,HIGHRISE,CONDO,RESIDENTIAL,455,1098,500000,2018,20183,LILY POINT,2009,HIGHRISE,CONDO
756071,HIGHRISE,CONDO,RESIDENTIAL,451,1098,495000,2018,20183,LILY POINT,2009,HIGHRISE,CONDO
756971,HIGHRISE,CONDO,RESIDENTIAL,638,1098,700000,2015,20154,LILY POINT,2009,HIGHRISE,CONDO
757019,HIGHRISE,CONDO,RESIDENTIAL,448,1098,492000,2018,20183,LILY POINT,2009,HIGHRISE,CONDO
758005,HIGHRISE,CONDO,RESIDENTIAL,455,1098,500000,2018,20183,LILY POINT,2009,HIGHRISE,CONDO
758082,HIGHRISE,CONDO,RESIDENTIAL,448,1098,492000,2018,20183,LILY POINT,2009,HIGHRISE,CONDO
758088,HIGHRISE,CONDO,RESIDENTIAL,373,1098,410000,2018,20184,LILY POINT,2009,HIGHRISE,CONDO
758227,HIGHRISE,CONDO,RESIDENTIAL,483,1098,530000,2018,20184,LILY POINT,2009,HIGHRISE,CONDO
798865,HIGHRISE,CONDO,RESIDENTIAL,437,1098,480000,2018,20183,LILY POINT,2009,HIGHRISE,CONDO
799036,HIGHRISE,CONDO,RESIDENTIAL,446,1098,490000,2018,20183,LILY POINT,2009,HIGHRISE,CONDO
800192,HIGHRISE,CONDO,RESIDENTIAL,357,1033,368550,2018,20184,LILY POINT,2009,HIGHRISE,CONDO
800369,HIGHRISE,CONDO,RESIDENTIAL,437,1098,480000,2018,20184,LILY POINT,2009,HIGHRISE,CONDO
836765,HIGHRISE,CONDO,RESIDENTIAL,442,1098,485000,2018,20184,LILY POINT,2009,HIGHRISE,CONDO
836810,HIGHRISE,CONDO,RESIDENTIAL,417,1098,457725,2018,20184,LILY POINT,2009,HIGHRISE,CONDO
836851,HIGHRISE,CONDO,RESIDENTIAL,437,1098,480000,2018,20183,LILY POINT,2009,HIGHRISE,CONDO
837850,HIGHRISE,CONDO,RESIDENTIAL,444,1098,488000,2018,20182,LILY POINT,2009,HIGHRISE,CONDO
463298,HIGHRISE,CONDO,RESIDENTIAL,760,2066,1571000,2015,20152,RAINBOW APARTMENT,1987,HIGHRISE,CONDO
467605,HIGHRISE,CONDO,RESIDENTIAL,817,2066,1687000,2015,20151,RAINBOW APARTMENT,1987,HIGHRISE,CONDO
497370,HIGHRISE,CONDO,RESIDENTIAL,676,2066,1396000,2015,20151,RAINBOW APARTMENT,1987,HIGHRISE,CONDO
502080,HIGHRISE,CONDO,RESIDENTIAL,751,2066,1552000,2016,20163,RAINBOW APARTMENT,1987,HIGHRISE,CONDO
537592,HIGHRISE,CONDO,RESIDENTIAL,357,2066,737000,2017,20171,RAINBOW APARTMENT,1987,HIGHRISE,CONDO
543953,HIGHRISE,CONDO,RESIDENTIAL,892,2066,1842000,2016,20164,RAINBOW APARTMENT,1987,HIGHRISE,CONDO
593528,HIGHRISE,CONDO,RESIDENTIAL,798,2066,1648000,2017,20174,RAINBOW APARTMENT,1987,HIGHRISE,CONDO
654297,HIGHRISE,CONDO,RESIDENTIAL,826,2066,1707000,2018,20181,RAINBOW APARTMENT,1987,HIGHRISE,CONDO
758332,HIGHRISE,CONDO,RESIDENTIAL,882,2066,1823000,2018,20183,RAINBOW APARTMENT,1987,HIGHRISE,CONDO
758466,HIGHRISE,CONDO,RESIDENTIAL,826,2066,1707000,2018,20184,RAINBOW APARTMENT,1987,HIGHRISE,CONDO
799198,HIGHRISE,CONDO,RESIDENTIAL,654,2453,1604000,2018,20184,RAINBOW APARTMENT,1987,HIGHRISE,CONDO
467494,HIGHRISE,CONDO,RESIDENTIAL,741,2485,1841000,2015,20152,RAINBOW APARTMENT,1987,HIGHRISE,CONDO
474357,HIGHRISE,CONDO,RESIDENTIAL,721,2485,1791000,2016,20163,RAINBOW APARTMENT,1987,HIGHRISE,CONDO
838224,HIGHRISE,CONDO,RESIDENTIAL,404,2485,1004000,2019,20191,RAINBOW APARTMENT,1987,HIGHRISE,CONDO
463159,HIGHRISE,CONDO,RESIDENTIAL,514,2733,1404000,2015,20153,RAINBOW APARTMENT,1987,HIGHRISE,CONDO
558463,HIGHRISE,CONDO,RESIDENTIAL,416,2733,1136000,2017,20173,RAINBOW APARTMENT,1987,HIGHRISE,CONDO
519187,HIGHRISE,CONDO,RESIDENTIAL,770,2755,2120000,2016,20161,RAINBOW APARTMENT,1987,HIGHRISE,CONDO
653160,HIGHRISE,CONDO,RESIDENTIAL,650,2755,1791000,2017,20174,RAINBOW APARTMENT,1987,HIGHRISE,CONDO
